{
  "project_info": {
    "project_number": "509529035263",
    "firebase_url": "https://mmreviews-111d6-default-rtdb.firebaseio.com",
    "project_id": "mmreviews-111d6",
    "storage_bucket": "mmreviews-111d6.appspot.com"
  },
  "client": [
    {
      "client_info": {
        "mobilesdk_app_id": "1:509529035263:android:38e4c78ba17d3fb70a97ca",
        "android_client_info": {
          "package_name": "com.example.mmreviews"
        }
      },
      "oauth_client": [
        {
          "client_id": "509529035263-bo8569trn0jctknnu8041fpejnig55ji.apps.googleusercontent.com",
          "client_type": 3
        }
      ],
      "api_key": [
        {
          "current_key": "AIzaSyCuGD4yITsfQjtNcVKEbRoYxwIWKmvSTQE"
        }
      ],
      "services": {
        "appinvite_service": {
          "other_platform_oauth_client": [
            {
              "client_id": "509529035263-bo8569trn0jctknnu8041fpejnig55ji.apps.googleusercontent.com",
              "client_type": 3
            }
          ]
        }
      }
    }
  ],
  "configuration_version": "1"
}